Nov 16 00:00:54,0,255,Right now 1 clients are connected.
Nov 16 00:11:22,0,255,Right now 0 clients are connected.
Nov 16 10:20:53,0,255,Right now 1 clients are connected.
Nov 16 10:34:57,0,255,Right now 0 clients are connected.
Nov 16 10:35:03,0,255,Right now 1 clients are connected.
Nov 16 10:41:36,0,255,Right now 0 clients are connected.
Nov 16 16:16:19,0,255,Right now 1 clients are connected.
Nov 16 17:13:59,0,255,Right now 2 clients are connected.
Nov 16 17:29:17,0,255,Right now 1 clients are connected.
Nov 16 18:40:59,0,255,Right now 0 clients are connected.
Nov 16 22:59:03,0,255,Right now 1 clients are connected.
Nov 16 23:02:13,0,255,Right now 0 clients are connected.
